Nombre,Categoría,Especialidad,Dirección,CP,Municipio/Área,Teléfono,WhatsApp,Email,Web,Notas,Fuente
Sánchez Plá,Distribuidor climatización/fontanería,"Clima, fontanería, baños","C/ Ciutat de Llíria, 17 (Pol. Fuente del Jarro)",46988,Paterna,+34 961 343 020,,jmnebot@sanchezpla.es,https://www.sanchezpla.es,Tienda y almacén; también G.V. Marqués del Turia,https://empresite.eleconomista.es/SANCHEZ-PLA.html
Elcom Air Valencia,Distribuidor climatización/ventilación,Mayorista de climatización y ventilación,"Camí del Port, 301",46470,Catarroja,+34 961 203 252,,administracion.valencia@elcomair.es,https://www.elcomair.es,Delegación Valencia,https://catarroja.comercioscomunitatvalenciana.com/va/comercios/view/elcom-air-valencia-sl
Terclivan (Termoclima Levante),Distribuidor climatización,"Aire acondicionado, calefacción, ventilación, solar y FV","C/ La Martina, 15",46210,Picanya,+34 961 594 430,,info@terclivan.es,https://www.terclivan.es,Delegación Valencia/Picanya,https://www.paginasamarillas.es/f/picanya/terclivan-valencia-diteco-termoclima-levante-s-l-_234807378_000000001.html
SPT Unicomer,Distribuidor soluciones técnicas,"Aislamientos suelos, paredes y techos","C/ Séquia de Robella, 21 (Pol. Industrial)",46200,Paiporta,+34 963 979 981,,spt@spt-unicomer.com,https://www.spt-unicomer.com/,Sistemas de protección térmica y acústica,https://www.spt-unicomer.com/
Fluid Stocks Valencia (GES),Distribuidor fontanería y clima,"Fontanería, climatización, saneamiento","Av. Pista de Silla, 16",46470,Massanassa,+34 963 013 133,,fluidstocks.valencia@grupoelectrostocks.com,https://www.grupoelectrostocks.com/,Punto GES; 7.000+ referencias,https://www.grupoelectrostocks.com/fluid-stocks-valencia-reabre-el-proximo-0303-sus-puertas-con-unas-instalaciones-renovadas-n-364-es
Electro Stocks Valencia (GES),Distribuidor material eléctrico/clima,"Material eléctrico, industrial, clima y fontanería","Avda. Pista de Silla, 34 (Salida 9 V-31)",46470,Massanassa,+34 961 220 600,,valencia@grupoelectrostocks.com,https://www.grupoelectrostocks.com/,Horario L-J 7:00-18:00; V 7:00-14:00,https://www.grupoelectrostocks.com/puntos-de-venta
Frigicoll Valencia,Distribuidor refrigeración/automoción,"Frío industrial, transporte, bus y carrocería","Avda. de Serra, 252. Pol. Ind. Bobalar",46130,Massamagrell,+34 961 450 480,,comercial@frigicollvalencia.es,https://www.frigicollvalencia.es/,SAT transporte y bus; 24h 610 531 363,https://www.frigicoll.es/sat/frigicoll-valencia-sat-transporte-bus/
Salvador Escoda (El Puig),Distribuidor clima/ventilación,"Climatización, ventilación y AF","Carrer Brosquil, 11 naves III-IV. Pol. nº 7",46540,El Puig de Santa Maria,+34 961 479 075,,,https://www.salvadorescoda.com/,Delegación Valencia (El Puig),https://conecta.salvadorescoda.com/el-puig
Saltoki Aldaia,Distribuidor multisector,"Fontanería, clima, electricidad, renovables","Av. Ovidi Montllor, 15",46960,Aldaia,+34 962 786 800,,,https://www.saltoki.com/,Punto de venta Valencia-Aldaia,https://www.saltoki.com/puntos-de-venta
